subreddit,topic
1200isplenty,health
2007scape,gaming
2meirl4meirl,funny
3DS,gaming
3Dprinting,tech
40kLore,gaming
4PanelCringe,funny
4chan,discussion
90DayFiance,tv
ABoringDystopia,political
ADHD,discussion
AMA,discussion
ANormalDayInRussia,funny
ATBGE,funny
AbandonedPorn,images
AbsoluteUnits,funny
AccidentalRacism,images
AccidentalRenaissance,images
Accounting,discussion
Advice,advice
AdviceAnimals,funny
AirForce,discussion
AmItheAsshole,advice
Amd,tech
Android,tech
AndroidGaming,gaming
AnimalCrossing,gaming
AnimalsBeingBros,funny
AnimalsBeingDerps,funny
AnimalsBeingJerks,funny
Animemes,anime
AnthemTheGame,gaming
Anxiety,discussion
AppleWatch,tech
ApplyingToCollege,advice
Aquariums,discussion
Art,images
Artifact,gaming
AsiansGoneWild,porn
AskAnAmerican,discussion
AskCulinary,advice
AskDocs,advice
AskEurope,geographic
AskMen,discussion
AskMenOver30,discussion
AskOuija,funny
AskReddit,discussion
AskRedditAfterDark,discussion
AskScienceFiction,discussion
AskUK,discussion
AskWomen,women
Atlanta,geographic
Austin,geographic
Autos,images
AzureLane,gaming
BBW,porn
BabyBumps,discussion
Baking,images
Battlefield,gaming
BattlefieldV,gaming
BeAmazed,images
BeautyGuruChatter,beauty
BetterEveryLoop,images
BigBoobsGW,porn
BigBrother,tv
BikiniBottomTwitter,funny
Bitcoin,tech
BlackPeopleTwitter,funny
Blackops4,gaming
BoJackHorseman,tv
BokuNoHeroAcademia,anime
BoneAppleTea,funny
Bossfight,funny
Boxing,sports
BrandNewSentence,funny
BravoRealHousewives,tv
Brawlstars,gaming
BreakUps,advice
Breath_of_the_Wild,gaming
BustyPetite,porn
BuyItForLife,images
CFB,sports
CHIBears,sports
CODZombies,gaming
COMPLETEANARCHY,political
Calgary,geographic
Cartalk,discussion
CasualConversation,discussion
CasualUK,discussion
CatastrophicFailure,images
Catholicism,discussion
Celebs,porn
ChapoTrapHouse,political
ChoosingBeggars,images
Christianity,discussion
CitiesSkylines,gaming
ClashOfClans,gaming
ClashRoyale,gaming
CoDCompetitive,gaming
Coachella,discussion
Coffee,discussion
CollegeBasketball,sports
Colts,sports
CombatFootage,images
ComedyCemetery,images
Competitiveoverwatch,gaming
CongratsLikeImFive,discussion
Conservative,political
ContagiousLaughter,funny
Cooking,discussion
CozyPlaces,images
CrappyDesign,funny
CrazyIdeas,discussion
Cricket,sports
CringeAnarchy,funny
Cringetopia,funny
CrusaderKings,gaming
CryptoCurrency,tech
Cyberpunk,images
DBZDokkanBattle,gaming
DC_Cinematic,films
DCcomics,comics
DDLC,anime
DIY,discussion
DMAcademy,gaming
Damnthatsinteresting,images
DankMemesFromSite19,memes
DataHoarder,tech
DeadBedrooms,relationships
DeepFriedMemes,memes
Deltarune,gaming
Denmark,geographic
Denver,geographic
DesignPorn,images
Destiny,gaming
DestinyTheGame,gaming
DiWHY,funny
Diablo,gaming
DnD,gaming
Documentaries,films
DoesAnybodyElse,discussion
DotA2,gaming
DragaliaLost,gaming
DragonballLegends,gaming
Drama,PRIVATE
Drugs,discussion
DunderMifflin,tv
DungeonsAndDragons,gaming
EDC,images
EDH,gaming
EDM,music
ENLIGHTENEDCENTRISM,political
EarthPorn,images
EatCheapAndHealthy,health
Economics,discussion
EdgyMemes,QUARANTINED
EggsInc,gaming
ElderScrolls,gaming
EliteDangerous,gaming
EngineeringPorn,images
EngineeringStudents,discussion
Entrepreneur,discussion
EpicSeven,gaming
EscapefromTarkov,gaming
Eve,gaming
ExpectationVsReality,funny
Eyebleach,images
FFBraveExvius,gaming
FIFA,gaming
FORTnITE,gaming
Fallout,gaming
FanTheories,discussion
Fantasy,discussion
FantasyPL,sports
FashionReps,discussion
FellowKids,funny
FiftyFifty,images
Filmmakers,films
FinalFantasy,gaming
FireEmblemHeroes,gaming
Firearms,discussion
Fireteams,gaming
Fishing,images
Fitness,discussion
FloridaMan,funny
FoodPorn,images
FortNiteBR,gaming
FortniteCompetitive,gaming
FortniteCreative,gaming
FrankOcean,music
FreeKarma4U,meta
Frugal,finance
Fuckthealtright,political
FunnyandSad,memes
Futurology,tech
GWCouples,porn
GameDeals,gaming
GamePhysics,gaming
GamersRiseUp,gaming
Games,gaming
Gamingcirclejerk,gaming
GaybrosGoneWild,porn
GetMotivated,images
GifRecipes,images
GlobalOffensive,gaming
GoCommitDie,memes
GodPussy,porn
GooglePixel,tech
GreenBayPackers,sports
Grimdank,gaming
Guildwars2,gaming
Guitar,music
Gunners,sports
Gunpla,images
HadToHurt,images
HighQualityGifs,images
HistoryMemes,memes
HistoryPorn,images
HomeImprovement,discussion
Homebrewing,discussion
Hotwife,porn
HumansBeingBros,images
IASIP,tv
IAmA,discussion
IDontWorkHereLady,discussion
IdiotsFightingThings,funny
IdiotsInCars,funny
IdleHeroes,gaming
IllegalLifeProTips,advice
ImGoingToHellForThis,funny
IncelTears,discussion
Instagramreality,images
IsItBullshit,advice
JUSTNOMIL,relationships
JizzedToThis,porn
JoeRogan,discussion
Jokes,funny
JordanPeterson,discussion
JustBootThings,funny
Justfuckmyshitup,funny
JusticeServed,funny
Justrolledintotheshop,funny
KansasCityChiefs,sports
Kanye,music
KerbalSpaceProgram,gaming
KidsAreFuckingStupid,funny
KingdomHearts,gaming
KitchenConfidential,discussion
KotakuInAction,gaming
LGBTeens,lgbt
LSD,drugs
LateStageCapitalism,political
LegalTeens,porn
LetsNotMeet,discussion
Libertarian,political
LifeProTips,advice
LiverpoolFC,sports
LivestreamFail,funny
LodedDiper,memes
LosAngeles,geographic
LosAngelesRams,sports
MGTOW,discussion
MLS,sports
MMA,sports
MMORPG,gaming
MaddenUltimateTeam,gaming
MadeMeSmile,images
MagicArena,gaming
MakeNewFriendsHere,discussion
MakeupAddiction,beauty
MaliciousCompliance,funny
MapPorn,images
Market76,gaming
Marvel,comics
MassiveCock,porn
MealPrepSunday,food
MechanicAdvice,memes
MechanicalKeyboards,tech
Meditation,discussion
MemeEconomy,memes
Memes_Of_The_Dank,memes
MensRights,discussion
Military,military
MilitaryPorn,military
Minecraft,gaming
ModernMagic,gaming
MonsterHunter,gaming
MonsterHunterWorld,gaming
MorbidReality,images
MortalKombat,gaming
MovieDetails,films
MovieSuggestions,films
MurderedByWords,funny
Music,music
NBA2k,gaming
NSFWFunny,porn
NSFW_GIF,porn
Naruto,anime
NatureIsFuckingLit,images
NetflixBestOf,tv
Nicegirls,memes
NintendoSwitch,gaming
NintendoSwitchDeals,gaming
NoFap,men
NoMansSkyTheGame,gaming
NoStupidQuestions,advice
NotMyJob,funny
OSHA,funny
OffensiveMemes,QUARANTINED
OldSchoolCool,images
OnePiece,anime
OopsDidntMeanTo,memes
OutOfTheLoop,meta
Overwatch,gaming
OverwatchUniversity,gaming
PS4,gaming
PSVR,gaming
PUBATTLEGROUNDS,gaming
PUBGMobile,gaming
PUBGXboxOne,gaming
Paladins,gaming
PandR,tv
Paranormal,discussion
Parenting,relationships
Patriots,sports
PenmanshipPorn,images
PeopleFuckingDying,funny
Perfectfit,images
Persona5,gaming
PersonalFinanceCanada,finance
PetiteGoneWild,porn
PewdiepieSubmissions,entertainment
Philippines,geographic
Piracy,discussion
PleX,tech
PokemonLetsGo,gaming
PoliticalDiscussion,political
PoliticalHumor,political
PornhubComments,funny
Portland,geographic
PrequelMemes,films
ProRevenge,stories
ProgrammerHumor,funny
Psychonaut,drugs
PublicFreakout,images
Python,tech
RWBY,anime
RagnarokMobile,gaming
Rainbow6,gaming
RandomActsOfGaming,gaming
Rateme,advice
RealGirls,porn
RedDeadOnline,gaming
Repsneakers,images
RimWorld,gaming
Roadcam,images
RoastMe,funny
RocketLeague,gaming
RocketLeagueExchange,gaming
Romania,geographic
SCP,gaming
SWGalaxyOfHeroes,gaming
Saints,sports
SandersForPresident,political
ScottishPeopleTwitter,funny
Seahawks,sports
Seaofthieves,gaming
Seattle,geographic
SeattleWA,geographic
SelfAwarewolves,funny
ShitAmericansSay,funny
ShitMomGroupsSay,funny
ShitPostCrusaders,anime
ShittyLifeProTips,funny
Shitty_Car_Mods,funny
ShouldIbuythisgame,gaming
Showerthoughts,discussion
SkincareAddiction,beauty
SmashBrosUltimate,gaming
Smite,gaming
Sneakers,fashion
Spiderman,comics
SpidermanPS4,gaming
SquaredCircle,sports
StarWars,films
StarWarsBattlefront,gaming
StardewValley,gaming
StardustCrusaders,anime
Steam,gaming
Stellaris,gaming
StreetFights,images
SubredditDrama,meta
SuddenlyGay,funny
SuicideWatch,discussion
Suomi,geographic
SweatyPalms,images
TIHI,funny
TalesFromRetail,stories
TalesFromYourServer,stories
Teachers,discussion
TeenMomOGandTeenMom2,tv
Terraria,gaming
TheGirlSurvivalGuide,women
TheGoodPlace,tv
TheLastAirbender,comics
TheMonkeysPaw,advice
TheOrville,tv
TheSilphRoad,gaming
TheSimpsons,tv
TheWayWeWere,images
The_Donald,political
The_Mueller,political
ThriftStoreHauls,images
Tinder,relationships
TittyDrop,porn
TooAfraidToAsk,advice
TopMindsOfReddit,meta
TrollXChromosomes,women
TrueDetective,tv
TrueOffMyChest,advice
TrueReddit,meta
Trumpgret,political
TumblrInAction,funny
Twitch,gaming
TwoBestFriendsPlay,gaming
TwoSentenceHorror,stories
TwoXChromosomes,women
UKPersonalFinance,finance
Undertale,gaming
UnethicalLifeProTips,funny
Unexpected,images
Unity3D,gaming
UnresolvedMysteries,discussion
UnsentLetters,personal
UpliftingNews,news
UrbanHell,images
Vaping,discussion
Vive,tech
WTF,images
WWE,sports
WaltDisneyWorld,geographic
Warframe,gaming
Warhammer,gaming
Warhammer40k,gaming
Warthunder,gaming
WatchPeopleDieInside,funny
Watches,fashion
WeAreTheMusicMakers,music
WeWantPlates,food
Wellthatsucks,images
Whatcouldgowrong,images
WhatsWrongWithYourDog,funny
WhitePeopleTwitter,funny
WhyWereTheyFilming,funny
Windows10,tech
WorldOfWarships,gaming
WorldofTanks,gaming
WouldYouFuckMyWife,porn
WritingPrompts,stories
XXXTENTACION,music
YouShouldKnow,news
acecombat,gaming
actuallesbians,lgbt
adorableporn,porn
airsoft,weapons
amiugly,discussion
analog,images
anime,anime
anime_irl,anime
antiMLM,images
apple,tech
ar15,weapons
argentina,geographic
army,military
askgaybros,lgbt
askscience,discussion
asktransgender,lgbt
askwomenadvice,women
asoiaf,books
ass,porn
assassinscreed,gaming
assholedesign,images
atheism,religion
audiophile,music
australia,geographic
aviation,images
awfuleverything,images
aww,animals
badwomensanatomy,women
barstoolsports,sports
baseball,sports
battlestations,gaming
bayarea,geographic
beer,drinking
beholdthemasterrace,political
bestof,meta
bestoflegaladvice,meta
beyondthebump,relationships
bicycling,sports
bipolar,mental health
bisexual,lgbt
bjj,sports
blackdesertonline,gaming
blackmagicfuckery,funny
blackmirror,tv
blackpeoplegifs,images
blender,tech
bloodborne,gaming
blunderyears,funny
boardgames,gaming
bodybuilding,fitness
bonehurtingjuice,funny
bonnaroo,music
books,books
booksuggestions,books
boottoobig,funny
boston,geographic
bostonceltics,sports
brasil,geographic
britishproblems,funny
brooklynninenine,tv
buildapc,tech
buildapcsales,tech
bulletjournal,images
canada,geographic
carporn,cars
cars,cars
casualChildAbuse,QUARANTINED
casualiama,discussion
cats,animals
changemyview,discussion
chelseafc,sports
chess,gaming
chicago,geographic
childfree,relationships
chubby,porn
churning,finance
civ,gaming
classicwow,gaming
college,discussion
combinedgifs,images
comedyheaven,funny
comicbooks,comics
comics,comics
confession,personal
confessions,personal
confusing_perspective,images
conspiracy,discussion
coolguides,images
copypasta,images
cowboys,sports
coys,sports
crafts,crafts
crappyoffbrands,funny
creepy,images
creepyPMs,images
creepyasterisks,images
cringe,images
cringepics,images
criticalrole,tv
crochet,crafts
cscareerquestions,tech
csgo,gaming
cumsluts,porn
curlyhair,beauty
cursedimages,images
curvy,porn
customhearthstone,gaming
dadjokes,funny
dank_meme,funny
dankchristianmemes,funny
dankmemes,funny
darkjokes,funny
darksouls,gaming
darksouls3,gaming
dataisbeautiful,tech
dating,relationships
dating_advice,relationships
datingoverthirty,relationships
dbz,anime
de,geographic
deadbydaylight,gaming
delusionalartists,funny
depression,mental health
destiny2,gaming
diablo3,gaming
dirtyr4r,porn
discordapp,tech
disneyvacation,funny
dndmemes,gaming
dndnext,gaming
doctorwho,tv
dogs,animals
dogswithjobs,animals
dontdeadopeninside,funny
dragonballfighterz,gaming
drawing,art
drunk,drinking
eagles,sports
educationalgifs,images
elderscrollsonline,gaming
electricians,tech
electronic_cigarette,discussion
engrish,funny
entertainment,entertainment
entitledparents,relationships
environment,nature
esist,political
ethtrader,finance
eu4,gaming
europe,geographic
evilbuildings,funny
exmormon,religion
explainlikeimfive,discussion
facepalm,funny
factorio,gaming
fakehistoryporn,funny
fantasybball,sports
fantasyfootball,sports
fasting,health
fatlogic,food
feedthebeast,gaming
femalefashionadvice,fashion
ffxiv,gaming
fightporn,images
financialindependence,finance
findareddit,meta
fireemblem,gaming
fo76,gaming
fo76bazaar,gaming
food,food
footballmanagergames,gaming
forbiddensnacks,funny
forhonor,gaming
formula1,sports
forwardsfromgrandma,funny
forza,gaming
fountainpens,writing
france,geographic
freefolk,books
frugalmalefashion,fashion
ftm,lgbt
funhaus,gaming
funkopop,entertainment
funny,funny
furry,images
furry_irl,images
futurama,tv
gadgets,tech
gainit,fitness
gamedev,gaming
gamegrumps,gaming
gameofthrones,tv
gaming,gaming
gardening,nature
gatekeeping,funny
gay_irl,lgbt
gaybros,lgbt
gifs,funny
gifsthatkeepongiving,funny
goddesses,porn
golf,sports
gonewild,porn
gonewild30plus,porn
gonewildcurvy,porn
googlehome,tech
grandorder,gaming
greentext,funny
gtaonline,gaming
guitarpedals,music
gundeals,weapons
guns,weapons
h3h3productions,funny
halo,gaming
happy,wholesome
hardware,tech
hardwareswap,tech
harrypotter,books
headphones,music
hearthstone,gaming
hentai,porn
heroesofthestorm,gaming
hiphopheads,music
history,discussion
hittableFaces,mocking
hmmm,funny
hockey,sports
hoi4,gaming
holdmybeer,funny
holdmycosmo,funny
holdmyfeedingtube,images
holdmyfries,funny
homelab,tech
homeowners,personal
horror,entertainment
houston,geographic
iamatotalpieceofshit,images
iamverybadass,funny
iamverysmart,mocking
ifyoulikeblank,advice
ihadastroke,funny
ihavesex,mocking
ik_ihe,"geographic, funny"
im14andthisisdeep,mocking
india,geographic
indieheads,music
insanepeoplefacebook,mocking
instant_regret,funny
instantkarma,funny
interestingasfuck,images
intermittentfasting,health
investing,finance
iphone,tech
ireland,geographic
italy,geographic
itookapicture,discussion
jailbreak,tech
jobs,work
jobuds,porn
justneckbeardthings,mocking
keto,health
ketorecipes,health
knitting,crafts
kpop,music
ksi,entertainment
lakers,sports
leafs,sports
leagueoflegends,gaming
learnprogramming,tech
legaladvice,advice
lego,entertainment
lewronggeneration,mocking
lgbt,lgbt
lifehacks,advice
likeus,animals
linux,tech
linuxmasterrace,tech
listentothis,music
london,geographic
loseit,health
lostredditors,funny
lotr,books
lotrmemes,memes
mac,tech
madlads,funny
magicTCG,gaming
makinghiphop,music
malefashionadvice,fashion
malelivingspace,men
manga,anime
marvelstudios,films
masseffect,gaming
math,discussion
me_irl,funny
mechanical_gifs,images
mechmarket,tech
meirl,funny
melbourne,geographic
memes,memes
metalgearsolid,gaming
mexico,geographic
microgrowery,drugs
mildlyinfuriating,images
mildlyinteresting,images
millionairemakers,finance
minipainting,art
minnesotavikings,sports
morbidquestions,discussion
motorcycles,cars
movies,films
muacjdiscussion,beauty
namenerds,discussion
natureismetal,nature
nba,sports
neoliberal,political
netflix,tv
nevertellmetheodds,images
newjersey,geographic
news,news
newzealand,geographic
nfl,sports
niceguys,mocking
nintendo,gaming
nononono,images
nonononoyes,images
normalnudes,porn
nosleep,entertainment
nostalgia,images
notinteresting,funny
nottheonion,news
nsfw,porn
nsfw_gifs,porn
nursing,work
nvidia,tech
nyc,geographic
oculus,tech
oddlysatisfying,images
ofcoursethatsathing,funny
offmychest,personal
okbuddyretard,funny
oldpeoplefacebook,mocking
oneplus,tech
ontario,geographic
opiates,drugs
orangetheory,fitness
osugame,gaming
ottawa,geographic
pathofexile,gaming
patientgamers,gaming
pawg,porn
pcgaming,gaming
pcmasterrace,gaming
personalfinance,finance
pettyrevenge,personal
philadelphia,geographic
philosophy,discussion
photography,discussion
photoshopbattles,images
pics,images
playatlas,gaming
playrust,gaming
playstation,gaming
podcasts,entertainment
pokemon,gaming
pokemongo,gaming
poker,sports
politics,political
popheads,music
popping,images
portugal,geographic
povertyfinance,finance
powerwashingporn,tech
privacy,tech
programming,tech
progresspics,fitness
projectcar,cars
pussy,porn
pussypassdenied,mra
pyrocynical,entertainment
quityourbullshit,mocking
r4r,relationships
rage,news
raidsecrets,gaming
raimimemes,films
raisedbynarcissists,relationships
rant,personal
rarepuppers,animals
ratemycock,porn
reactiongifs,funny
reddeadredemption,gaming
reddeadredemption2,gaming
reddevils,sports
relationship_advice,relationships
relationships,relationships
residentevil,gaming
rickandmorty,tv
roosterteeth,entertainment
rpg,gaming
rule34,porn
runescape,gaming
running,fitness
rupaulsdragrace,tv
sadcringe,images
sbubby,memes
science,discussion
scifi,entertainment
self,personal
sewing,crafts
sex,relationships
shittyfoodporn,food
shittyrainbow6,gaming
shittysuperpowers,funny
shrooms,drugs
singapore,geographic
sixers,sports
skiing,sports
skyrim,gaming
smallbusiness,work
smashbros,gaming
snowboarding,sports
soccer,sports
socialism,political
socialskills,relationships
softwaregore,tech
solotravel,discussion
southpark,tv
space,discussion
spacex,tech
specializedtools,funny
speedrun,gaming
splatoon,gaming
sports,sports
sportsbook,sports
starbucks,images
starcitizen,gaming
starcraft,gaming
starterpacks,funny
startrek,tv
stevenuniverse,tv
stocks,finance
stopdrinking,drinking
streetwear,fashion
subaru,cars
subnautica,gaming
succulents,nature
suggestmeabook,books
suicidebywords,funny
summonerschool,gaming
summonerswar,gaming
surrealmemes,funny
survivor,tv
sweden,geographic
sydney,geographic
synthesizers,music
sysadmin,tech
talesfromtechsupport,tech
tattoos,art
technicallythetruth,funny
technology,tech
techsupport,tech
techsupportgore,tech
teenagers,personal
television,tv
tennis,sports
terriblefacebookmemes,funny
teslamotors,tech
texas,geographic
tf2,gaming
thalassophobia,nature
thanosdidnothingwrong,films
thatHappened,mocking
thebachelor,tv
thedivision,gaming
thenetherlands,geographic
therewasanattempt,mocking
thesims,gaming
theydidthemath,images
thisismylifenow,images
tifu,personal
tipofmyjoystick,gaming
tipofmytongue,music
toastme,personal
todayilearned,discussion
toptalent,images
toronto,geographic
torontoraptors,sports
totalwar,gaming
traaaaaaannnnnnnnnns,lgbt
traps,porn
trashy,mocking
trashyboners,porn
travel,discussion
travisscott,music
trebuchetmemes,tech
trees,drugs
truegaming,gaming
tumblr,funny
ufc,sports
ukpolitics,political
unitedkingdom,geographic
unpopularopinion,personal
vancouver,geographic
vaporents,drugs
vaxxhappened,mocking
vegan,food
vexillology,discussion
videos,images
vinyl,music
wallstreetbets,mocking
walmart,images
watchpeoplesurvive,images
webdev,tech
weddingplanning,relationships
weed,drugs
weedstocks,drugs
whatisthisthing,images
whatsthisplant,nature
whitepeoplegifs,funny
wholesomememes,wholesome
whowouldwin,stories
wifesharing,porn
witcher,gaming
woahdude,images
woodworking,crafts
woooosh,mocking
worldbuilding,discussion
worldnews,news
worldpolitics,political
wow,gaming
wowthanksimcured,mocking
writing,discussion
xboxone,gaming
xxfitness,fitness
yesyesyesno,images
yesyesyesyesno,images
youseeingthisshit,images
youtube,entertainment
youtubehaiku,entertainment
yugioh,gaming
zelda,gaming
AskNYC,geographic
AteTheOnion,mocking
Badfaketexts,funny
Bass,music
Braincels,QUARANTINED
Browns,sports
CCW,guns
CrackWatch,gaming
CrossStitch,crafts
DenverBroncos,"sports, football"
DnDGreentext,"gaming, rpg"
Eminem,"music, entertainment, personality"
Fantasy_Football,"sports, football, fan, discussion"
FlashTV,"tv, comics"
GODZILLA,gaming
HiTMAN,gaming
Hunting,"hobbies, weapons, discussion"
Ice_Poseidon,"QUARANTINED, gaming, entertainment, personality"
JonTron,"entertainment, personality"
JustCause,gaming
Kappa,gaming
MURICA,"geographic, US"
MapleStory2,gaming
MarvelStrikeForce,gaming
Metal,"music, entertainment"
Metalcore,"music, entertainment"
MtF,"lgbt, discussion, advice"
NASCAR,"sports, cars"
OnePunchMan,anime
RedLetterMedia,entertainment
RingOfElysium,gaming
Sat,"discussion, advice"
ShingekiNoKyojin,anime
SonicTheHedgehog,gaming
StreetFighter,gaming
TalesFromTheCustomer,"stories, personal, discussion"
Tekken,gaming
X4Foundations,gaming
Yogscast,"entertainment, business"
apolloapp,"tech, meta"
arrow,"tv, comics"
asktrp,"mra, advice, discussion"
brockhampton,music
btc,"crypto, tech, finance"
climbing,"sports, hobbies"
collapse,"discussion"
dayz,gaming
holdmyredbull,"funny, images"
howardstern,"entertainment, personality"
humblebundles,gaming
insurgency,gaming
inthesoulstone,"PRIVATE, films"
knives,"weapons, images, discussion"
ladybonersgw,porn
mallninjashit,"mocking, images"
pokemongotrades,gaming
pokemontrades,gaming
ravens,"sports, football"
